timestamp,funding_rate,mark_price,datetime
1772323200005,-0.00011219,0.90358406,2026-03-01 00:00:00.005000+00:00
1772352000000,9.468e-05,0.924,2026-03-01 08:00:00+00:00
1772380800002,4.986e-05,0.9104,2026-03-01 16:00:00.002000+00:00
1772409600001,2.953e-05,0.8873,2026-03-02 00:00:00.001000+00:00
1772438400007,3.003e-05,0.8879,2026-03-02 08:00:00.007000+00:00
1772467200000,5.124e-05,0.94497287,2026-03-02 16:00:00+00:00
1772496000000,7.948e-05,0.9227,2026-03-03 00:00:00+00:00
1772524800000,-6.17e-06,0.9151,2026-03-03 08:00:00+00:00
1772553600007,-8.933e-05,0.9029,2026-03-03 16:00:00.007000+00:00
1772582400001,5.749e-05,0.90854389,2026-03-04 00:00:00.001000+00:00
1772611200005,-7.604e-05,0.9148,2026-03-04 08:00:00.005000+00:00
1772640000000,4.955e-05,0.9776,2026-03-04 16:00:00+00:00
1772668800000,0.0001,0.95691713,2026-03-05 00:00:00+00:00
1772697600000,6.83e-05,0.9457,2026-03-05 08:00:00+00:00
1772726400004,-3.509e-05,0.9509,2026-03-05 16:00:00.004000+00:00
1772755200001,5.234e-05,0.95296602,2026-03-06 00:00:00.001000+00:00
1772784000001,-2.527e-05,0.974,2026-03-06 08:00:00.001000+00:00
1772812800004,-0.00014979,0.89970728,2026-03-06 16:00:00.004000+00:00
1772841600001,-7.783e-05,0.90115929,2026-03-07 00:00:00.001000+00:00
1772870400012,1.275e-05,0.9013,2026-03-07 08:00:00.012000+00:00
1772899200001,-7.863e-05,0.89781616,2026-03-07 16:00:00.001000+00:00
1772928000001,-1.209e-05,0.8946,2026-03-08 00:00:00.001000+00:00
1772956800000,-6.871e-05,0.89251894,2026-03-08 08:00:00+00:00
1772985600002,-3.02e-06,0.8837,2026-03-08 16:00:00.002000+00:00
1773014400000,-2.666e-05,0.87946562,2026-03-09 00:00:00+00:00
1773043200004,6.142e-05,0.902,2026-03-09 08:00:00.004000+00:00
1773072000003,6.384e-05,0.93101875,2026-03-09 16:00:00.003000+00:00
1773100800012,0.0001,0.94211648,2026-03-10 00:00:00.012000+00:00
1773129600002,-1.806e-05,0.9534,2026-03-10 08:00:00.002000+00:00
1773158400001,0.0001,0.99751352,2026-03-10 16:00:00.001000+00:00
1773187200000,1.902e-05,0.95663711,2026-03-11 00:00:00+00:00
1773216000007,-4.46e-06,0.9486,2026-03-11 08:00:00.007000+00:00
1773244800010,8.09e-06,0.9726,2026-03-11 16:00:00.010000+00:00
1773273600000,0.0001,0.97820625,2026-03-12 00:00:00+00:00
1773302400000,7.572e-05,0.97921057,2026-03-12 08:00:00+00:00
1773331200000,5.28e-06,0.96929049,2026-03-12 16:00:00+00:00
1773360000006,0.0001,0.99030167,2026-03-13 00:00:00.006000+00:00
1773388800001,8.046e-05,1.0277,2026-03-13 08:00:00.001000+00:00
1773417600000,2.47e-05,1.01371601,2026-03-13 16:00:00+00:00
1773446400001,-2.881e-05,0.99547348,2026-03-14 00:00:00.001000+00:00
1773475200000,-9.176e-05,0.98618556,2026-03-14 08:00:00+00:00
1773504000007,-3.174e-05,0.9869,2026-03-14 16:00:00.007000+00:00
1773532800000,-1.063e-05,1.00060775,2026-03-15 00:00:00+00:00
1773561600000,4.273e-05,1.00210156,2026-03-15 08:00:00+00:00
1773590400000,-1.911e-05,1.0,2026-03-15 16:00:00+00:00
1773619200000,-1.645e-05,1.0232,2026-03-16 00:00:00+00:00
1773648000010,0.0001,1.0674,2026-03-16 08:00:00.010000+00:00
1773676800000,0.0001,1.0459,2026-03-16 16:00:00+00:00
1773705600000,1.799e-05,1.07293907,2026-03-17 00:00:00+00:00
1773734400002,5.953e-05,1.0314,2026-03-17 08:00:00.002000+00:00
1773763200011,-3.383e-05,1.02099101,2026-03-17 16:00:00.011000+00:00
1773792000002,-5.47e-06,1.02873453,2026-03-18 00:00:00.002000+00:00
1773820800002,4.111e-05,1.02772002,2026-03-18 08:00:00.002000+00:00
1773849600005,-5.527e-05,0.97771783,2026-03-18 16:00:00.005000+00:00
1773878400000,-8.726e-05,0.9876,2026-03-19 00:00:00+00:00
1773907200003,-6.64e-06,0.96235405,2026-03-19 08:00:00.003000+00:00
1773936000003,2.034e-05,0.9481,2026-03-19 16:00:00.003000+00:00
1773964800002,-7.173e-05,0.95792742,2026-03-20 00:00:00.002000+00:00
1773993600000,-6.158e-05,0.97508349,2026-03-20 08:00:00+00:00
1774022400000,2.589e-05,0.96037948,2026-03-20 16:00:00+00:00
1774051200000,-5.741e-05,0.9676,2026-03-21 00:00:00+00:00
1774080000000,-8.65e-06,0.9629,2026-03-21 08:00:00+00:00
1774108800014,-9.958e-05,0.9661,2026-03-21 16:00:00.014000+00:00
1774137600012,-7.59e-05,0.93230575,2026-03-22 00:00:00.012000+00:00
1774166400007,-2.389e-05,0.9289,2026-03-22 08:00:00.007000+00:00
1774195200002,-3.61e-06,0.92525052,2026-03-22 16:00:00.002000+00:00
1774224000000,1.519e-05,0.90485175,2026-03-23 00:00:00+00:00
1774252800003,4.597e-05,0.8989,2026-03-23 08:00:00.003000+00:00
1774281600002,4.05e-06,0.9517972,2026-03-23 16:00:00.002000+00:00
1774310400000,7.511e-05,0.95246372,2026-03-24 00:00:00+00:00
1774339200000,4.14e-06,0.9574,2026-03-24 08:00:00+00:00
1774368000003,1.652e-05,0.9407,2026-03-24 16:00:00.003000+00:00
1774396800000,8.121e-05,0.9522,2026-03-25 00:00:00+00:00
1774425600000,8.32e-05,0.9591,2026-03-25 08:00:00+00:00
1774454400013,2.562e-05,0.95526689,2026-03-25 16:00:00.013000+00:00
1774483200001,-9.411e-05,0.9681756,2026-03-26 00:00:00.001000+00:00
1774512000001,-6.849e-05,0.9395,2026-03-26 08:00:00.001000+00:00
1774540800000,-6.396e-05,0.914,2026-03-26 16:00:00+00:00
1774569600006,-0.00012831,0.9249,2026-03-27 00:00:00.006000+00:00
1774598400000,-6.891e-05,0.9216,2026-03-27 08:00:00+00:00
1774627200000,-0.00010466,0.88986772,2026-03-27 16:00:00+00:00
1774656000005,-8.662e-05,0.8803,2026-03-28 00:00:00.005000+00:00
1774684800005,-8.308e-05,0.88378728,2026-03-28 08:00:00.005000+00:00
1774713600000,2.217e-05,0.8854,2026-03-28 16:00:00+00:00
1774742400003,4.88e-06,0.85903635,2026-03-29 00:00:00.003000+00:00
1774771200001,-0.00010008,0.86418949,2026-03-29 08:00:00.001000+00:00
1774800000000,-9.681e-05,0.8452,2026-03-29 16:00:00+00:00
1774828800000,-8.19e-06,0.84614768,2026-03-30 00:00:00+00:00
1774857600005,5.961e-05,0.8821,2026-03-30 08:00:00.005000+00:00
1774886400000,0.0001,0.8812,2026-03-30 16:00:00+00:00
1774915200000,0.0001,0.8636,2026-03-31 00:00:00+00:00
1774944000000,8.211e-05,0.8715,2026-03-31 08:00:00+00:00
1774972800000,5.93e-05,0.8581,2026-03-31 16:00:00+00:00
1775001600000,4.628e-05,0.87774607,2026-04-01 00:00:00+00:00
1775030400000,1.94e-06,0.8975,2026-04-01 08:00:00+00:00
1775059200000,-5.711e-05,0.90091447,2026-04-01 16:00:00+00:00
1775088000003,8.536e-05,0.88190824,2026-04-02 00:00:00.003000+00:00
1775116800001,-3.96e-06,0.8633203,2026-04-02 08:00:00.001000+00:00
1775145600001,-4.108e-05,0.857924,2026-04-02 16:00:00.001000+00:00
1775174400000,6.644e-05,0.8609,2026-04-03 00:00:00+00:00
1775203200008,7.502e-05,0.8753498,2026-04-03 08:00:00.008000+00:00
1775232000008,7.082e-05,0.86903832,2026-04-03 16:00:00.008000+00:00
1775260800000,7.29e-05,0.8735,2026-04-04 00:00:00+00:00
1775289600003,3.32e-06,0.871,2026-04-04 08:00:00.003000+00:00
1775318400000,1.18e-06,0.8693546,2026-04-04 16:00:00+00:00
1775347200008,6.586e-05,0.8714,2026-04-05 00:00:00.008000+00:00
1775376000000,-9.465e-05,0.85142144,2026-04-05 08:00:00+00:00
1775404800001,-0.00012246,0.8492583,2026-04-05 16:00:00.001000+00:00
1775433600004,-2.903e-05,0.87062926,2026-04-06 00:00:00.004000+00:00
1775462400001,3.027e-05,0.8857308,2026-04-06 08:00:00.001000+00:00
1775491200003,0.0001,0.90010038,2026-04-06 16:00:00.003000+00:00
1775520000000,5.665e-05,0.87025498,2026-04-07 00:00:00+00:00
1775548800000,-0.00010664,0.87264118,2026-04-07 08:00:00+00:00
1775577600000,3.46e-05,0.86647112,2026-04-07 16:00:00+00:00
1775606400000,0.0001,0.95960711,2026-04-08 00:00:00+00:00
1775635200000,0.0001,0.9517,2026-04-08 08:00:00+00:00
1775664000006,5.694e-05,0.9342,2026-04-08 16:00:00.006000+00:00
1775692800000,8.069e-05,0.91308713,2026-04-09 00:00:00+00:00
1775721600010,-4.986e-05,0.9084,2026-04-09 08:00:00.010000+00:00
1775750400001,2.16e-06,0.9317,2026-04-09 16:00:00.001000+00:00
1775779200000,9.094e-05,0.93003029,2026-04-10 00:00:00+00:00
1775808000005,-2.215e-05,0.9274,2026-04-10 08:00:00.005000+00:00
1775836800000,5.696e-05,0.94479504,2026-04-10 16:00:00+00:00
1775865600000,7.529e-05,0.94374948,2026-04-11 00:00:00+00:00
1775894400000,-5.552e-05,0.93272082,2026-04-11 08:00:00+00:00
1775923200003,7.83e-06,0.9355,2026-04-11 16:00:00.003000+00:00
1775952000000,7.693e-05,0.941,2026-04-12 00:00:00+00:00
1775980800000,-7.932e-05,0.91215149,2026-04-12 08:00:00+00:00
1776009600000,2.499e-05,0.89952129,2026-04-12 16:00:00+00:00
1776038400011,5.5e-06,0.9008,2026-04-13 00:00:00.011000+00:00
1776067200006,2.324e-05,0.901,2026-04-13 08:00:00.006000+00:00
1776096000000,2.626e-05,0.9122886,2026-04-13 16:00:00+00:00
1776124800005,0.0001,0.9594,2026-04-14 00:00:00.005000+00:00
1776153600003,8.315e-05,0.94393877,2026-04-14 08:00:00.003000+00:00
1776182400001,-9.71e-06,0.9432,2026-04-14 16:00:00.001000+00:00
1776211200000,1.296e-05,0.932,2026-04-15 00:00:00+00:00
1776240000000,1.7e-06,0.9285,2026-04-15 08:00:00+00:00
1776268800000,4.619e-05,0.94618529,2026-04-15 16:00:00+00:00
1776297600013,8.625e-05,0.9584,2026-04-16 00:00:00.013000+00:00
1776326400000,2.915e-05,0.97069051,2026-04-16 08:00:00+00:00
1776355200000,2.243e-05,0.985,2026-04-16 16:00:00+00:00
1776384000001,0.0001,1.00012724,2026-04-17 00:00:00.001000+00:00
1776412800011,9.555e-05,0.9924,2026-04-17 08:00:00.011000+00:00
1776441600001,-2.417e-05,1.0245,2026-04-17 16:00:00.001000+00:00
1776470400001,1.82e-05,0.99634151,2026-04-18 00:00:00.001000+00:00
1776499200006,-2.825e-05,1.00463342,2026-04-18 08:00:00.006000+00:00
1776528000000,3.811e-05,0.96632681,2026-04-18 16:00:00+00:00
1776556800002,-1.745e-05,0.9559,2026-04-19 00:00:00.002000+00:00
1776585600010,6.058e-05,0.94434265,2026-04-19 08:00:00.010000+00:00
1776614400001,-5.718e-05,0.95836998,2026-04-19 16:00:00.001000+00:00
1776643200000,5.774e-05,0.92191613,2026-04-20 00:00:00+00:00
1776672000000,4.448e-05,0.9439,2026-04-20 08:00:00+00:00
1776700800001,6.479e-05,0.9439,2026-04-20 16:00:00.001000+00:00
1776729600000,-7.81e-06,0.94361707,2026-04-21 00:00:00+00:00
1776758400004,6.265e-05,0.94781307,2026-04-21 08:00:00.004000+00:00
1776787200004,-4.188e-05,0.946,2026-04-21 16:00:00.004000+00:00
1776816000004,3.429e-05,0.949,2026-04-22 00:00:00.004000+00:00
1776844800000,9.084e-05,0.9671,2026-04-22 08:00:00+00:00
1776873600000,7.46e-05,0.9700337,2026-04-22 16:00:00+00:00
1776902400000,-9.107e-05,0.94407522,2026-04-23 00:00:00+00:00
1776931200000,-9.174e-05,0.93866233,2026-04-23 08:00:00+00:00
1776960000004,-2.651e-05,0.9487,2026-04-23 16:00:00.004000+00:00
1776988800006,8.708e-05,0.9451,2026-04-24 00:00:00.006000+00:00
1777017600000,-2.29e-06,0.94251127,2026-04-24 08:00:00+00:00
1777046400000,6.274e-05,0.9525,2026-04-24 16:00:00+00:00
1777075200000,-6.65e-05,0.94539224,2026-04-25 00:00:00+00:00
1777104000002,5.929e-05,0.94927036,2026-04-25 08:00:00.002000+00:00
1777132800002,-6.198e-05,0.9406,2026-04-25 16:00:00.002000+00:00
1777161600003,5.778e-05,0.9381861,2026-04-26 00:00:00.003000+00:00
1777190400007,9.791e-05,0.94726133,2026-04-26 08:00:00.007000+00:00
1777219200004,3.32e-06,0.9463,2026-04-26 16:00:00.004000+00:00
1777248000004,4.1e-06,0.94500637,2026-04-27 00:00:00.004000+00:00
1777276800000,-9.982e-05,0.92420453,2026-04-27 08:00:00+00:00
1777305600002,-0.00016188,0.92056969,2026-04-27 16:00:00.002000+00:00
1777334400001,-3.52e-06,0.93502755,2026-04-28 00:00:00.001000+00:00
1777363200000,1.237e-05,0.9257,2026-04-28 08:00:00+00:00
1777392000004,5.404e-05,0.9206,2026-04-28 16:00:00.004000+00:00
1777420800006,-9.455e-05,0.9249012,2026-04-29 00:00:00.006000+00:00
1777449600011,0.0001,0.93022767,2026-04-29 08:00:00.011000+00:00
1777478400003,-8.659e-05,0.9013,2026-04-29 16:00:00.003000+00:00
1777507200002,-4.219e-05,0.90642562,2026-04-30 00:00:00.002000+00:00
1777536000000,8.542e-05,0.9094,2026-04-30 08:00:00+00:00
1777564800000,-3.066e-05,0.9073,2026-04-30 16:00:00+00:00
1777593600000,6.019e-05,0.9079,2026-05-01 00:00:00+00:00
1777622400005,8.501e-05,0.9147,2026-05-01 08:00:00.005000+00:00
1777651200000,4.174e-05,0.9246,2026-05-01 16:00:00+00:00
1777680000006,-7.82e-06,0.91859256,2026-05-02 00:00:00.006000+00:00
1777708800000,1.985e-05,0.9168,2026-05-02 08:00:00+00:00
1777737600010,2.655e-05,0.9264,2026-05-02 16:00:00.010000+00:00
1777766400005,7.933e-05,0.9272,2026-05-03 00:00:00.005000+00:00
1777795200003,-9.383e-05,0.9167,2026-05-03 08:00:00.003000+00:00
1777824000000,8.097e-05,0.925,2026-05-03 16:00:00+00:00
1777852800000,5.534e-05,0.9195,2026-05-04 00:00:00+00:00
1777881600000,0.0001,0.94001566,2026-05-04 08:00:00+00:00
1777910400003,5.337e-05,0.92860555,2026-05-04 16:00:00.003000+00:00
1777939200000,3.009e-05,0.92840797,2026-05-05 00:00:00+00:00
1777968000011,4.944e-05,0.94525916,2026-05-05 08:00:00.011000+00:00
1777996800000,8.77e-05,0.9622,2026-05-05 16:00:00+00:00
1778025600010,8.439e-05,0.9660083,2026-05-06 00:00:00.010000+00:00
1778054400000,1.323e-05,0.9927,2026-05-06 08:00:00+00:00
1778083200002,0.0001,0.99125482,2026-05-06 16:00:00.002000+00:00
1778112000000,4.248e-05,0.9922,2026-05-07 00:00:00+00:00
1778140800000,-1.24e-06,1.00328619,2026-05-07 08:00:00+00:00
1778169600004,0.0001,0.9715,2026-05-07 16:00:00.004000+00:00
1778198400003,8.607e-05,0.9677,2026-05-08 00:00:00.003000+00:00
1778227200002,2.419e-05,0.96775562,2026-05-08 08:00:00.002000+00:00
1778256000003,6.978e-05,1.0113,2026-05-08 16:00:00.003000+00:00
1778284800000,7.75e-06,1.02120087,2026-05-09 00:00:00+00:00
1778313600001,-3.665e-05,1.0715,2026-05-09 08:00:00.001000+00:00
1778342400002,-4.379e-05,1.04881745,2026-05-09 16:00:00.002000+00:00
1778371200003,-8.104e-05,1.06983858,2026-05-10 00:00:00.003000+00:00
1778400000000,-5.456e-05,1.09143731,2026-05-10 08:00:00+00:00
1778428800000,4.85e-05,1.22488634,2026-05-10 16:00:00+00:00
1778457600000,0.0001,1.3325,2026-05-11 00:00:00+00:00
1778486400000,0.0001,1.2831,2026-05-11 08:00:00+00:00
1778515200000,-7.83e-06,1.2768,2026-05-11 16:00:00+00:00
1778544000002,2.214e-05,1.2903,2026-05-12 00:00:00.002000+00:00
1778572800008,9.002e-05,1.27638269,2026-05-12 08:00:00.008000+00:00
1778601600000,7.232e-05,1.2262,2026-05-12 16:00:00+00:00
1778630400010,-1.556e-05,1.2377,2026-05-13 00:00:00.010000+00:00
1778659200003,2.83e-05,1.25035746,2026-05-13 08:00:00.003000+00:00
1778688000001,2.819e-05,1.18559008,2026-05-13 16:00:00.001000+00:00
1778716800005,9.48e-06,1.20738058,2026-05-14 00:00:00.005000+00:00
1778745600000,-3.73e-06,1.1895,2026-05-14 08:00:00+00:00
1778774400000,-3.279e-05,1.21556681,2026-05-14 16:00:00+00:00
1778803200000,-6.297e-05,1.1876,2026-05-15 00:00:00+00:00
1778832000016,7.942e-05,1.15433833,2026-05-15 08:00:00.016000+00:00
1778860800012,6.154e-05,1.0879,2026-05-15 16:00:00.012000+00:00
1778889600005,-2.28e-06,1.09889042,2026-05-16 00:00:00.005000+00:00
1778918400000,6.439e-05,1.0695,2026-05-16 08:00:00+00:00
1778947200005,-1.654e-05,1.06635777,2026-05-16 16:00:00.005000+00:00
1778976000000,4.512e-05,1.0606,2026-05-17 00:00:00+00:00
1779004800010,-3.663e-05,1.0724,2026-05-17 08:00:00.010000+00:00
1779033600009,2.882e-05,1.06531394,2026-05-17 16:00:00.009000+00:00
1779062400007,-3.51e-05,1.04370199,2026-05-18 00:00:00.007000+00:00
1779091200002,7.814e-05,1.03512834,2026-05-18 08:00:00.002000+00:00
1779120000007,3.601e-05,1.0315,2026-05-18 16:00:00.007000+00:00
1779148800001,-3.043e-05,1.0638,2026-05-19 00:00:00.001000+00:00
1779177600001,-5.538e-05,1.0863,2026-05-19 08:00:00.001000+00:00
1779206400009,7.26e-06,1.06025073,2026-05-19 16:00:00.009000+00:00
1779235200001,-1.512e-05,1.05160535,2026-05-20 00:00:00.001000+00:00
1779264000006,0.0001,1.05414437,2026-05-20 08:00:00.006000+00:00
1779292800000,5.549e-05,1.0732,2026-05-20 16:00:00+00:00
1779321600001,1.551e-05,1.0793917,2026-05-21 00:00:00.001000+00:00
1779350400000,-1.369e-05,1.1123,2026-05-21 08:00:00+00:00
1779379200000,3.32e-06,1.10870025,2026-05-21 16:00:00+00:00
1779408000000,8.661e-05,1.1236,2026-05-22 00:00:00+00:00
1779436800004,2.125e-05,1.102617,2026-05-22 08:00:00.004000+00:00
1779465600001,2.734e-05,1.0980745,2026-05-22 16:00:00.001000+00:00
1779494400009,9.576e-05,1.048,2026-05-23 00:00:00.009000+00:00
1779523200001,6.58e-05,0.99543853,2026-05-23 08:00:00.001000+00:00
1779552000003,-4.671e-05,1.03900834,2026-05-23 16:00:00.003000+00:00
1779580800011,4.904e-05,1.06664002,2026-05-24 00:00:00.011000+00:00
1779609600008,4.328e-05,1.0566,2026-05-24 08:00:00.008000+00:00
1779638400000,8.465e-05,1.04350411,2026-05-24 16:00:00+00:00
1779667200001,5.647e-05,1.0319,2026-05-25 00:00:00.001000+00:00
1779696000001,3.93e-05,1.0399,2026-05-25 08:00:00.001000+00:00
1779724800001,2.834e-05,1.0497,2026-05-25 16:00:00.001000+00:00
1779753600000,6.765e-05,1.04249047,2026-05-26 00:00:00+00:00
1779782400003,4.302e-05,1.03204716,2026-05-26 08:00:00.003000+00:00
1779811200000,9.3e-05,1.02813813,2026-05-26 16:00:00+00:00
1779840000000,-5.509e-05,1.0001,2026-05-27 00:00:00+00:00
1779868800004,-5.05e-06,1.0045,2026-05-27 08:00:00.004000+00:00
1779897600009,5.829e-05,1.0046,2026-05-27 16:00:00.009000+00:00
1779926400001,6.723e-05,0.9595,2026-05-28 00:00:00.001000+00:00
1779955200000,-1.667e-05,0.9245,2026-05-28 08:00:00+00:00
1779984000001,-6.84e-06,0.9175761,2026-05-28 16:00:00.001000+00:00
1780012800000,-1.918e-05,0.9292,2026-05-29 00:00:00+00:00
1780041600001,1.513e-05,0.92049505,2026-05-29 08:00:00.001000+00:00
1780070400008,4.452e-05,0.92375132,2026-05-29 16:00:00.008000+00:00
1780099200000,6.588e-05,0.9046,2026-05-30 00:00:00+00:00
1780128000001,5.404e-05,0.9013,2026-05-30 08:00:00.001000+00:00
1780156800000,-5.048e-05,0.9091,2026-05-30 16:00:00+00:00
1780185600000,5.276e-05,0.9079,2026-05-31 00:00:00+00:00
1780214400000,1.183e-05,0.9033,2026-05-31 08:00:00+00:00
1780243200004,-4.12e-06,0.8789,2026-05-31 16:00:00.004000+00:00
1780272000001,-2.256e-05,0.89499921,2026-06-01 00:00:00.001000+00:00
1780300800001,8.134e-05,0.87417067,2026-06-01 08:00:00.001000+00:00
1780329600000,0.0001,0.86259655,2026-06-01 16:00:00+00:00
1780358400000,6.192e-05,0.8792,2026-06-02 00:00:00+00:00
1780387200000,5.672e-05,0.8522,2026-06-02 08:00:00+00:00
1780416000000,-1.592e-05,0.82192868,2026-06-02 16:00:00+00:00
1780444800013,-3.872e-05,0.8081,2026-06-03 00:00:00.013000+00:00
1780473600000,-7.39e-06,0.83660805,2026-06-03 08:00:00+00:00
1780502400001,6.252e-05,0.8258,2026-06-03 16:00:00.001000+00:00
1780531200009,-8.606e-05,0.82432539,2026-06-04 00:00:00.009000+00:00
1780560000000,3.712e-05,0.7852,2026-06-04 08:00:00+00:00
1780588800003,1.28e-05,0.79358459,2026-06-04 16:00:00.003000+00:00
1780617600000,0.0001,0.7664,2026-06-05 00:00:00+00:00
1780646400004,4.234e-05,0.71251248,2026-06-05 08:00:00.004000+00:00
1780675200009,-1.14e-05,0.69409717,2026-06-05 16:00:00.009000+00:00
1780704000000,-1.755e-05,0.70292716,2026-06-06 00:00:00+00:00
1780732800000,3e-06,0.7029,2026-06-06 08:00:00+00:00
1780761600000,1.491e-05,0.7154,2026-06-06 16:00:00+00:00
1780790400001,-3.835e-05,0.71756215,2026-06-07 00:00:00.001000+00:00
1780819200000,5.879e-05,0.75267333,2026-06-07 08:00:00+00:00
1780848000000,5.209e-05,0.7449,2026-06-07 16:00:00+00:00
1780876800000,4.003e-05,0.7582,2026-06-08 00:00:00+00:00
1780905600005,-2.17e-06,0.76041493,2026-06-08 08:00:00.005000+00:00
1780934400004,3.3e-05,0.7623241,2026-06-08 16:00:00.004000+00:00
1780963200000,5.857e-05,0.755,2026-06-09 00:00:00+00:00
1780992000000,7.8e-05,0.75420116,2026-06-09 08:00:00+00:00
1781020800001,2.352e-05,0.7354871,2026-06-09 16:00:00.001000+00:00
1781049600001,6.256e-05,0.7491,2026-06-10 00:00:00.001000+00:00
1781078400011,2.106e-05,0.7488,2026-06-10 08:00:00.011000+00:00
1781107200009,6.538e-05,0.7552,2026-06-10 16:00:00.009000+00:00
1781136000000,-2.45e-05,0.7261655,2026-06-11 00:00:00+00:00
1781164800004,4.644e-05,0.7482,2026-06-11 08:00:00.004000+00:00
1781193600000,3.461e-05,0.75082006,2026-06-11 16:00:00+00:00
1781222400000,6.106e-05,0.75453368,2026-06-12 00:00:00+00:00
1781251200000,1.249e-05,0.751,2026-06-12 08:00:00+00:00
1781280000000,7.008e-05,0.747,2026-06-12 16:00:00+00:00
1781308800000,5.415e-05,0.7507,2026-06-13 00:00:00+00:00
1781337600007,4.14e-05,0.76225896,2026-06-13 08:00:00.007000+00:00
1781366400002,8.263e-05,0.77346765,2026-06-13 16:00:00.002000+00:00
1781395200005,-2.125e-05,0.7678,2026-06-14 00:00:00.005000+00:00
1781424000009,-1.304e-05,0.7586,2026-06-14 08:00:00.009000+00:00
1781452800000,2.545e-05,0.74811951,2026-06-14 16:00:00+00:00
1781481600013,3.305e-05,0.8027,2026-06-15 00:00:00.013000+00:00
1781510400013,6.62e-06,0.7937,2026-06-15 08:00:00.013000+00:00
1781539200004,5.826e-05,0.8241,2026-06-15 16:00:00.004000+00:00
1781568000000,5.336e-05,0.7929,2026-06-16 00:00:00+00:00
1781596800000,7.86e-06,0.79044447,2026-06-16 08:00:00+00:00
1781625600001,1.946e-05,0.78357035,2026-06-16 16:00:00.001000+00:00
1781654400012,0.0001,0.7963,2026-06-17 00:00:00.012000+00:00
1781683200000,0.0001,0.79974878,2026-06-17 08:00:00+00:00
1781712000000,0.0001,0.80497125,2026-06-17 16:00:00+00:00
1781740800002,-2.215e-05,0.76680532,2026-06-18 00:00:00.002000+00:00
1781769600000,-4.66e-05,0.75219938,2026-06-18 08:00:00+00:00
1781798400001,-5.298e-05,0.70917213,2026-06-18 16:00:00.001000+00:00
1781827200005,-1.232e-05,0.72914857,2026-06-19 00:00:00.005000+00:00
1781856000001,-5.227e-05,0.7110241,2026-06-19 08:00:00.001000+00:00
1781884800001,5.44e-05,0.7134,2026-06-19 16:00:00.001000+00:00
1781913600001,-4.697e-05,0.7163,2026-06-20 00:00:00.001000+00:00
1781942400000,-3.987e-05,0.7174,2026-06-20 08:00:00+00:00
1781971200001,-7.355e-05,0.7099,2026-06-20 16:00:00.001000+00:00
1782000000000,-3.333e-05,0.71362843,2026-06-21 00:00:00+00:00
1782028800000,1.087e-05,0.7105,2026-06-21 08:00:00+00:00
1782057600000,2.81e-05,0.71339816,2026-06-21 16:00:00+00:00
1782086400000,-1.041e-05,0.693,2026-06-22 00:00:00+00:00
1782115200000,9.48e-06,0.7104,2026-06-22 08:00:00+00:00
1782144000002,6.279e-05,0.7227,2026-06-22 16:00:00.002000+00:00
1782172800003,-9.07e-06,0.7193,2026-06-23 00:00:00.003000+00:00
1782201600005,-0.00011184,0.6864,2026-06-23 08:00:00.005000+00:00
1782230400002,5.875e-05,0.70327299,2026-06-23 16:00:00.002000+00:00
1782259200005,6.085e-05,0.7038,2026-06-24 00:00:00.005000+00:00
1782288000005,6.42e-05,0.70062162,2026-06-24 08:00:00.005000+00:00
1782316800003,-4.363e-05,0.67439811,2026-06-24 16:00:00.003000+00:00
1782345600000,-6.02e-05,0.6852,2026-06-25 00:00:00+00:00
1782374400000,2.582e-05,0.70094933,2026-06-25 08:00:00+00:00
1782403200000,-5.568e-05,0.6764,2026-06-25 16:00:00+00:00
1782432000010,4.502e-05,0.6835,2026-06-26 00:00:00.010000+00:00
1782460800002,8.908e-05,0.69570166,2026-06-26 08:00:00.002000+00:00
1782489600000,1.415e-05,0.6918,2026-06-26 16:00:00+00:00
1782518400000,9.568e-05,0.6979,2026-06-27 00:00:00+00:00
1782547200000,4.814e-05,0.7096,2026-06-27 08:00:00+00:00
1782576000009,1.569e-05,0.7102,2026-06-27 16:00:00.009000+00:00
1782604800000,-9.586e-05,0.68420307,2026-06-28 00:00:00+00:00
1782633600013,-6.151e-05,0.68523686,2026-06-28 08:00:00.013000+00:00
1782662400000,1.651e-05,0.6868,2026-06-28 16:00:00+00:00
1782691200006,-3.69e-05,0.68105696,2026-06-29 00:00:00.006000+00:00
1782720000013,6.033e-05,0.69578387,2026-06-29 08:00:00.013000+00:00
1782748800004,6.641e-05,0.6931,2026-06-29 16:00:00.004000+00:00
1782777600000,0.0001,0.70236129,2026-06-30 00:00:00+00:00
1782806400000,2.013e-05,0.69698184,2026-06-30 08:00:00+00:00
1782835200005,-2.235e-05,0.69021704,2026-06-30 16:00:00.005000+00:00
1782864000000,0.0001,0.6903,2026-07-01 00:00:00+00:00
1782892800000,6.63e-05,0.6967,2026-07-01 08:00:00+00:00
1782921600000,7.438e-05,0.7154654,2026-07-01 16:00:00+00:00
1782950400000,-6.12e-06,0.71521029,2026-07-02 00:00:00+00:00
1782979200000,9.147e-05,0.7268,2026-07-02 08:00:00+00:00
1783008000000,3.647e-05,0.7401,2026-07-02 16:00:00+00:00
1783036800000,0.0001,0.7351,2026-07-03 00:00:00+00:00
1783065600007,0.0001,0.74133987,2026-07-03 08:00:00.007000+00:00
1783094400000,0.0001,0.7525,2026-07-03 16:00:00+00:00
1783123200000,0.0001,0.76923367,2026-07-04 00:00:00+00:00
1783152000000,0.0001,0.75850175,2026-07-04 08:00:00+00:00
1783180800007,0.0001,0.77198152,2026-07-04 16:00:00.007000+00:00
1783209600003,0.0001,0.76164935,2026-07-05 00:00:00.003000+00:00
1783238400001,5.611e-05,0.7449,2026-07-05 08:00:00.001000+00:00
1783267200000,0.0001,0.7528,2026-07-05 16:00:00+00:00
1783296000000,0.0001,0.7565,2026-07-06 00:00:00+00:00
1783324800000,9.088e-05,0.74083505,2026-07-06 08:00:00+00:00
1783353600000,4.177e-05,0.7438,2026-07-06 16:00:00+00:00
1783382400000,0.0001,0.74953373,2026-07-07 00:00:00+00:00
1783411200000,-5.016e-05,0.73739954,2026-07-07 08:00:00+00:00
1783440000000,3.041e-05,0.7422,2026-07-07 16:00:00+00:00
1783468800000,7.95e-06,0.7274,2026-07-08 00:00:00+00:00
1783497600000,2.118e-05,0.7177,2026-07-08 08:00:00+00:00
1783526400000,-4.55e-05,0.69914241,2026-07-08 16:00:00+00:00
1783555200000,4.75e-05,0.7109,2026-07-09 00:00:00+00:00
1783584000001,3.302e-05,0.72455474,2026-07-09 08:00:00.001000+00:00
1783612800001,4.329e-05,0.7166,2026-07-09 16:00:00.001000+00:00
1783641600000,9.028e-05,0.71676227,2026-07-10 00:00:00+00:00
1783670400005,8.596e-05,0.72232695,2026-07-10 08:00:00.005000+00:00
1783699200005,4.325e-05,0.7365,2026-07-10 16:00:00.005000+00:00
1783728000000,0.0001,0.7386,2026-07-11 00:00:00+00:00
1783756800000,9.164e-05,0.7438,2026-07-11 08:00:00+00:00
1783785600000,0.0001,0.7428,2026-07-11 16:00:00+00:00
1783814400000,6.7e-06,0.72869722,2026-07-12 00:00:00+00:00
1783843200003,-6.37e-06,0.7386142,2026-07-12 08:00:00.003000+00:00
1783872000000,9.03e-05,0.7447,2026-07-12 16:00:00+00:00
1783900800000,3.031e-05,0.73564444,2026-07-13 00:00:00+00:00
1783929600001,2.056e-05,0.7320191,2026-07-13 08:00:00.001000+00:00
1783958400004,7.11e-06,0.72784809,2026-07-13 16:00:00.004000+00:00
1783987200000,-3.963e-05,0.7217,2026-07-14 00:00:00+00:00
1784016000002,4.134e-05,0.7307,2026-07-14 08:00:00.002000+00:00
1784044800001,0.0001,0.7589,2026-07-14 16:00:00.001000+00:00
1784073600005,0.0001,0.76212453,2026-07-15 00:00:00.005000+00:00
1784102400002,0.0001,0.7521,2026-07-15 08:00:00.002000+00:00
1784131200000,6.894e-05,0.75927004,2026-07-15 16:00:00+00:00
1784160000000,3.562e-05,0.7548868,2026-07-16 00:00:00+00:00
1784188800003,-2.021e-05,0.7423174,2026-07-16 08:00:00.003000+00:00
1784217600002,9.768e-05,0.7507,2026-07-16 16:00:00.002000+00:00
1784246400000,8.351e-05,0.73857179,2026-07-17 00:00:00+00:00
1784275200010,3.325e-05,0.7314,2026-07-17 08:00:00.010000+00:00
1784304000004,4.443e-05,0.7343,2026-07-17 16:00:00.004000+00:00
1784332800000,5.187e-05,0.73970157,2026-07-18 00:00:00+00:00
1784361600000,-7.31e-06,0.73603359,2026-07-18 08:00:00+00:00
1784390400001,-3.902e-05,0.73500565,2026-07-18 16:00:00.001000+00:00
1784419200003,-1.36e-06,0.7431,2026-07-19 00:00:00.003000+00:00
1784448000000,4.034e-05,0.7446,2026-07-19 08:00:00+00:00
1784476800001,4.815e-05,0.75092013,2026-07-19 16:00:00.001000+00:00
1784505600000,7.94e-06,0.7493,2026-07-20 00:00:00+00:00
1784534400001,2.134e-05,0.74680402,2026-07-20 08:00:00.001000+00:00
1784563200004,6.482e-05,0.7653,2026-07-20 16:00:00.004000+00:00
1784592000001,7.358e-05,0.7644,2026-07-21 00:00:00.001000+00:00
1784620800000,4.398e-05,0.7771,2026-07-21 08:00:00+00:00
1784649600002,-1.019e-05,0.76692501,2026-07-21 16:00:00.002000+00:00
1784678400000,2.348e-05,0.7715,2026-07-22 00:00:00+00:00
1784707200000,-2.43e-05,0.7556,2026-07-22 08:00:00+00:00
1784736000001,5.653e-05,0.77041996,2026-07-22 16:00:00.001000+00:00
1784764800000,3.308e-05,0.7643,2026-07-23 00:00:00+00:00
1784793600000,4.039e-05,0.7697532,2026-07-23 08:00:00+00:00
1784822400000,-7.737e-05,0.74851428,2026-07-23 16:00:00+00:00
1784851200000,-0.00014283,0.74404631,2026-07-24 00:00:00+00:00
1784880000000,1.832e-05,0.74474822,2026-07-24 08:00:00+00:00
1784908800008,-7.082e-05,0.7177,2026-07-24 16:00:00.008000+00:00
1784937600002,-3.771e-05,0.7107,2026-07-25 00:00:00.002000+00:00
1784966400000,-1.536e-05,0.703,2026-07-25 08:00:00+00:00
1784995200000,-5.278e-05,0.7099,2026-07-25 16:00:00+00:00
1785024000000,-7.216e-05,0.7109,2026-07-26 00:00:00+00:00
1785052800002,4.34e-05,0.72012824,2026-07-26 08:00:00.002000+00:00
1785081600000,-5e-06,0.71895609,2026-07-26 16:00:00+00:00
1785110400010,-3.1e-06,0.72302176,2026-07-27 00:00:00.010000+00:00
1785139200000,2.839e-05,0.7167,2026-07-27 08:00:00+00:00
1785168000001,-4.275e-05,0.69877334,2026-07-27 16:00:00.001000+00:00
1785196800000,-6.678e-05,0.68051229,2026-07-28 00:00:00+00:00
1785225600000,-9.83e-06,0.68070821,2026-07-28 08:00:00+00:00
1785254400000,-5.044e-05,0.69,2026-07-28 16:00:00+00:00
1785283200000,1.289e-05,0.6923,2026-07-29 00:00:00+00:00
1785312000002,4.889e-05,0.68742791,2026-07-29 08:00:00.002000+00:00
1785340800000,5.13e-06,0.6824,2026-07-29 16:00:00+00:00
1785369600000,0.0001,0.68574549,2026-07-30 00:00:00+00:00
1785398400000,-9.6e-07,0.68638577,2026-07-30 08:00:00+00:00
1785427200000,1.936e-05,0.6994,2026-07-30 16:00:00+00:00
1785456000003,3.328e-05,0.69195635,2026-07-31 00:00:00.003000+00:00
1785484800000,3.413e-05,0.68994233,2026-07-31 08:00:00+00:00
1785513600000,3.065e-05,0.6829,2026-07-31 16:00:00+00:00
1785542400001,-2.779e-05,0.68175044,2026-08-01 00:00:00.001000+00:00
1785571200000,6.913e-05,0.6845,2026-08-01 08:00:00+00:00
1785600000000,4.1e-07,0.68238204,2026-08-01 16:00:00+00:00
1785628800000,-6.18e-05,0.67558102,2026-08-02 00:00:00+00:00
1785657600000,0.0001,0.691,2026-08-02 08:00:00+00:00
1785686400000,6.186e-05,0.68985202,2026-08-02 16:00:00+00:00
1785715200000,6.807e-05,0.6895527,2026-08-03 00:00:00+00:00
1785744000000,-3.931e-05,0.6847,2026-08-03 08:00:00+00:00
1785772800000,0.0001,0.6941,2026-08-03 16:00:00+00:00
1785801600004,0.0001,0.69086176,2026-08-04 00:00:00.004000+00:00
1785830400002,0.0001,0.6929,2026-08-04 08:00:00.002000+00:00
1785859200000,3.478e-05,0.69310454,2026-08-04 16:00:00+00:00
1785888000003,8.967e-05,0.6929,2026-08-05 00:00:00.003000+00:00
1785916800004,1.24e-05,0.6917,2026-08-05 08:00:00.004000+00:00
1785945600000,3.9e-06,0.687,2026-08-05 16:00:00+00:00
1785974400002,-6.088e-05,0.68985923,2026-08-06 00:00:00.002000+00:00
1786003200000,-3.743e-05,0.6854,2026-08-06 08:00:00+00:00
1786032000000,-8.575e-05,0.674,2026-08-06 16:00:00+00:00
1786060800000,-0.00011098,0.67223175,2026-08-07 00:00:00+00:00
1786089600000,4.097e-05,0.6735,2026-08-07 08:00:00+00:00
1786118400000,7.783e-05,0.67242357,2026-08-07 16:00:00+00:00
1786147200001,-8.33e-05,0.67182952,2026-08-08 00:00:00.001000+00:00
1786176000000,0.0001,0.6838,2026-08-08 08:00:00+00:00
1786204800002,0.0001,0.7006,2026-08-08 16:00:00.002000+00:00
1786233600000,0.0001,0.69212786,2026-08-09 00:00:00+00:00
1786262400005,0.0001,0.6924181,2026-08-09 08:00:00.005000+00:00
1786291200000,8.393e-05,0.7012,2026-08-09 16:00:00+00:00
1786320000001,9.598e-05,0.68615672,2026-08-10 00:00:00.001000+00:00
1786348800005,7.436e-05,0.6948,2026-08-10 08:00:00.005000+00:00
1786377600000,0.0001,0.69063208,2026-08-10 16:00:00+00:00
1786406400000,5.175e-05,0.68403221,2026-08-11 00:00:00+00:00
1786435200006,6.153e-05,0.68723682,2026-08-11 08:00:00.006000+00:00
1786464000000,3.508e-05,0.67632181,2026-08-11 16:00:00+00:00
1786492800001,9.673e-05,0.69282225,2026-08-12 00:00:00.001000+00:00
1786521600000,0.0001,0.6909,2026-08-12 08:00:00+00:00
1786550400000,-2.704e-05,0.68501991,2026-08-12 16:00:00+00:00
1786579200000,-2.095e-05,0.68102365,2026-08-13 00:00:00+00:00
1786608000000,3.102e-05,0.68965178,2026-08-13 08:00:00+00:00
1786636800000,8.321e-05,0.68514653,2026-08-13 16:00:00+00:00
1786665600000,6.966e-05,0.6892,2026-08-14 00:00:00+00:00
1786694400001,4.959e-05,0.67873953,2026-08-14 08:00:00.001000+00:00
1786723200001,-4.075e-05,0.67706434,2026-08-14 16:00:00.001000+00:00
1786752000003,-2.207e-05,0.6825,2026-08-15 00:00:00.003000+00:00
1786780800002,7.252e-05,0.6823289,2026-08-15 08:00:00.002000+00:00
1786809600000,-3.642e-05,0.68345079,2026-08-15 16:00:00+00:00
1786838400000,9.63e-05,0.6772,2026-08-16 00:00:00+00:00
1786867200002,2.68e-06,0.6772,2026-08-16 08:00:00.002000+00:00
1786896000000,7.186e-05,0.68008539,2026-08-16 16:00:00+00:00
1786924800001,-8.92e-06,0.67080907,2026-08-17 00:00:00.001000+00:00
1786953600003,8.913e-05,0.6780775,2026-08-17 08:00:00.003000+00:00
1786982400005,1.878e-05,0.6783,2026-08-17 16:00:00.005000+00:00
1787011200006,4.938e-05,0.6748,2026-08-18 00:00:00.006000+00:00
1787040000001,-8.726e-05,0.6468462,2026-08-18 08:00:00.001000+00:00
1787068800003,-5.574e-05,0.65504813,2026-08-18 16:00:00.003000+00:00
1787097600000,-7.354e-05,0.6513,2026-08-19 00:00:00+00:00
1787126400000,-7.45e-06,0.6569,2026-08-19 08:00:00+00:00
1787155200004,7.362e-05,0.67996054,2026-08-19 16:00:00.004000+00:00
1787184000001,0.0001,0.706,2026-08-20 00:00:00.001000+00:00
1787212800000,0.0001,0.7024,2026-08-20 08:00:00+00:00
1787241600005,0.0001,0.7394617,2026-08-20 16:00:00.005000+00:00
1787270400004,0.0001,0.73357894,2026-08-21 00:00:00.004000+00:00
1787299200000,0.0001,0.7778,2026-08-21 08:00:00+00:00
1787328000001,0.00012107,0.81488157,2026-08-21 16:00:00.001000+00:00
1787356800000,0.0001,0.8444942,2026-08-22 00:00:00+00:00
1787385600000,0.0001,0.86299913,2026-08-22 08:00:00+00:00
1787414400000,0.00012151,0.81594123,2026-08-22 16:00:00+00:00
1787443200000,0.0001,0.8151,2026-08-23 00:00:00+00:00
1787472000000,0.0001138,0.79215654,2026-08-23 08:00:00+00:00
1787500800006,0.0001,0.82309306,2026-08-23 16:00:00.006000+00:00
1787529600001,0.0001,0.8504,2026-08-24 00:00:00.001000+00:00
1787558400002,0.0001,0.81599244,2026-08-24 08:00:00.002000+00:00
1787587200000,0.0001,0.82278987,2026-08-24 16:00:00+00:00
1787616000001,0.0001,0.8,2026-08-25 00:00:00.001000+00:00
1787644800000,0.0001,0.8019376,2026-08-25 08:00:00+00:00
1787673600005,0.0001,0.7928,2026-08-25 16:00:00.005000+00:00
1787702400000,0.0001,0.75730492,2026-08-26 00:00:00+00:00
1787731200005,0.0001,0.7598502,2026-08-26 08:00:00.005000+00:00
1787760000000,0.0001,0.7356,2026-08-26 16:00:00+00:00
1787788800000,0.0001,0.76715567,2026-08-27 00:00:00+00:00
1787817600000,7.657e-05,0.7577,2026-08-27 08:00:00+00:00
1787846400013,1.521e-05,0.7866,2026-08-27 16:00:00.013000+00:00
1787875200026,7.681e-05,0.77917705,2026-08-28 00:00:00.026000+00:00
1787904000000,1.864e-05,0.7598,2026-08-28 08:00:00+00:00
1787932800001,-3.481e-05,0.7524681,2026-08-28 16:00:00.001000+00:00
1787961600000,5.385e-05,0.7434,2026-08-29 00:00:00+00:00
1787990400000,3.626e-05,0.73494631,2026-08-29 08:00:00+00:00
1788019200002,2.082e-05,0.7441727,2026-08-29 16:00:00.002000+00:00
1788048000000,5.723e-05,0.7448,2026-08-30 00:00:00+00:00
1788076800000,5.79e-05,0.73961087,2026-08-30 08:00:00+00:00
1788105600001,1.823e-05,0.746,2026-08-30 16:00:00.001000+00:00
1788134400002,-8.49e-05,0.71070053,2026-08-31 00:00:00.002000+00:00
1788163200002,3.423e-05,0.7233,2026-08-31 08:00:00.002000+00:00
1788192000001,-1.65e-05,0.7205,2026-08-31 16:00:00.001000+00:00
1788220800005,5.57e-06,0.72663207,2026-09-01 00:00:00.005000+00:00
1788249600000,7.666e-05,0.72974441,2026-09-01 08:00:00+00:00
1788278400000,9.08e-05,0.7314536,2026-09-01 16:00:00+00:00
1788307200000,0.0001,0.7215,2026-09-02 00:00:00+00:00
1788336000001,0.0001,0.724,2026-09-02 08:00:00.001000+00:00
1788364800005,1.809e-05,0.72140289,2026-09-02 16:00:00.005000+00:00
1788393600000,6.239e-05,0.74582551,2026-09-03 00:00:00+00:00
1788422400000,0.0001,0.767,2026-09-03 08:00:00+00:00
1788451200000,0.0001,0.7891,2026-09-03 16:00:00+00:00
1788480000000,0.0001,0.78317325,2026-09-04 00:00:00+00:00
